slug,country_name,region,regulator,market_status,market_descriptor,seo_title,meta_description
malta,Malta,Europe,Malta Gaming Authority (MGA),Regulated,"Europe's principal online gambling hub and a long-standing base for operators serving regulated EU markets.",Malta Gambling Lawyers & MGA Licensing Law | GamblingLawyers.com,"Malta is Europe's principal online gambling hub. Find specialist MGA licensing, compliance and corporate counsel on GamblingLawyers.com."
united-kingdom,United Kingdom,Europe,Gambling Commission,Regulated,"One of the world's most developed regulated gambling markets, supervised by the Gambling Commission.",UK Gambling Lawyers & Gambling Commission Law | GamblingLawyers.com,"The United Kingdom runs one of the world's most developed regulated gambling markets. Find specialist Gambling Commission counsel on GamblingLawyers.com."
united-states,United States,Americas,State gaming commissions,Regulated,"A patchwork of state-by-state regimes for commercial casino, sports betting and interactive gaming.",US Gambling Lawyers — Sports Betting & iGaming Law | GamblingLawyers.com,"The United States regulates gambling state by state. Find specialist US licensing, suitability and sports betting counsel on GamblingLawyers.com."
brazil,Brazil,Americas,Secretaria de Prêmios e Apostas (SPA),Regulated,"Latin America's largest regulated gambling market, reshaped by a new federal betting framework.",Brazil Gambling Lawyers — Federal Betting Authorisation | GamblingLawyers.com,"Brazil's federal betting regime is reshaping the Latin American market. Find specialist Brazilian authorisation, payments and tax counsel on GamblingLawyers.com."
germany,Germany,Europe,Gemeinsame Glücksspielbehörde der Länder (GGL),Regulated,"A unified federal online gambling regime under the State Treaty, supervised by the GGL.",Germany Gambling Lawyers — GGL & State Treaty Law | GamblingLawyers.com,"Germany operates a unified federal gambling regime under the GGL. Find specialist German licensing, advertising and compliance counsel on GamblingLawyers.com."
netherlands,Netherlands,Europe,Kansspelautoriteit (KSA),Regulated,"A regulated online gambling market operating under the Remote Gambling Act (Koa).",Netherlands Gambling Lawyers — KSA & Koa Licensing | GamblingLawyers.com,"The Netherlands regulates online gambling under the Remote Gambling Act (Koa). Find specialist KSA counsel on GamblingLawyers.com."
sweden,Sweden,Europe,Spelinspektionen,Regulated,"A licensed Scandinavian market with a channelisation-focused regulatory approach.",Sweden Gambling Lawyers — Spelinspektionen Licensing | GamblingLawyers.com,"Sweden runs a licensed online gambling market under Spelinspektionen. Find specialist Swedish licensing and compliance counsel on GamblingLawyers.com."
austria,Austria,Europe,Federal Ministry of Finance,Partially regulated,"A market with a long-standing monopoly model and active debate over liberalisation.",Austria Gambling Lawyers | GamblingLawyers.com,"Austria's gambling market operates under a monopoly framework with active legal debate. Find specialist Austrian counsel on GamblingLawyers.com."
ireland,Ireland,Europe,Gambling Regulatory Authority of Ireland,Emerging,"A market transitioning to a new regulator under the Gambling Regulation Act.",Ireland Gambling Lawyers — New Regulator | GamblingLawyers.com,"Ireland is building a new regulated gambling regime. Find specialist Irish counsel on GamblingLawyers.com."
isle-of-man,Isle of Man,Europe,Gambling Supervision Commission (GSC),Regulated,"A long-standing licensing jurisdiction favoured for corporate and B2B gaming structures.",Isle of Man Gambling Lawyers — GSC Licensing | GamblingLawyers.com,"The Isle of Man offers licensing and corporate infrastructure for gaming operators and suppliers. Find specialist GSC counsel on GamblingLawyers.com."
gibraltar,Gibraltar,Europe,Gibraltar Gambling Division,Regulated,"A long-standing gambling licensing centre with deep corporate and tax infrastructure.",Gibraltar Gambling Lawyers | GamblingLawyers.com,"Gibraltar has been a core European gambling licensing jurisdiction for decades. Find specialist Gibraltar counsel on GamblingLawyers.com."
alderney,Alderney,Europe,Alderney Gambling Control Commission (AGCC),Regulated,"A small-jurisdiction licensing regime known for its B2B and platform-provider framework.",Alderney Gambling Lawyers — AGCC Licensing | GamblingLawyers.com,"Alderney's AGCC regime supports gaming platform providers and operators. Find specialist Alderney counsel on GamblingLawyers.com."
curacao,Curaçao,Americas,Curaçao Gaming Control Board,Regulated,"A reformed Caribbean licensing regime operating under the new NOOGH framework.",Curaçao Gambling Lawyers — NOOGH Licensing | GamblingLawyers.com,"Curaçao is reforming its gambling licensing regime under the NOOGH framework. Find specialist Curaçao counsel on GamblingLawyers.com."
estonia,Estonia,Europe,Estonian Tax and Customs Board,Regulated,"A licensed European market with a stable framework for remote gambling operators.",Estonia Gambling Lawyers | GamblingLawyers.com,"Estonia operates a licensed remote gambling regime in the European Union. Find specialist Estonian counsel on GamblingLawyers.com."
latvia,Latvia,Europe,Lotteries and Gambling Supervision Inspection,Regulated,"A licensed Baltic market with remote gambling supervision by a dedicated inspection.",Latvia Gambling Lawyers | GamblingLawyers.com,"Latvia licenses remote gambling operators through a dedicated regulatory inspection. Find specialist Latvian counsel on GamblingLawyers.com."
lithuania,Lithuania,Europe,Gaming Control Authority,Regulated,"A licensed Baltic market supervised by the Gaming Control Authority.",Lithuania Gambling Lawyers | GamblingLawyers.com,"Lithuania operates a licensed gambling market supervised by the Gaming Control Authority. Find specialist Lithuanian counsel on GamblingLawyers.com."
denmark,Denmark,Europe,Spillemyndigheden,Regulated,"A licensed Nordic market with a mature online gambling framework.",Denmark Gambling Lawyers — Spillemyndigheden | GamblingLawyers.com,"Denmark runs a licensed online gambling market supervised by Spillemyndigheden. Find specialist Danish counsel on GamblingLawyers.com."
finland,Finland,Europe,Ministry of the Interior,Partially regulated,"A market operating under a monopoly model with ongoing reform debate.",Finland Gambling Lawyers | GamblingLawyers.com,"Finland operates under a gambling monopoly with active reform discussion. Find specialist Finnish counsel on GamblingLawyers.com."
norway,Norway,Europe,Lotteritilsynet,Partially regulated,"A monopoly-based market supervised by Lotteritilsynet.",Norway Gambling Lawyers | GamblingLawyers.com,"Norway operates a monopoly gambling market supervised by Lotteritilsynet. Find specialist Norwegian counsel on GamblingLawyers.com."
italy,Italy,Europe,Agenzia delle Dogane e dei Monopoli (ADM),Regulated,"A large licensed Southern European market supervised by ADM.",Italy Gambling Lawyers — ADM Licensing | GamblingLawyers.com,"Italy is a large licensed European gambling market under ADM. Find specialist Italian counsel on GamblingLawyers.com."
spain,Spain,Europe,Dirección General de Ordenación del Juego (DGOJ),Regulated,"A licensed Southern European market supervised by the DGOJ.",Spain Gambling Lawyers — DGOJ Licensing | GamblingLawyers.com,"Spain operates a licensed online gambling market supervised by the DGOJ. Find specialist Spanish counsel on GamblingLawyers.com."
portugal,Portugal,Europe,Serviço de Regulação e Inspeção de Jogos (SRIJ),Regulated,"A licensed Iberian market supervised by SRIJ.",Portugal Gambling Lawyers — SRIJ Licensing | GamblingLawyers.com,"Portugal operates a licensed online gambling market supervised by SRIJ. Find specialist Portuguese counsel on GamblingLawyers.com."
belgium,Belgium,Europe,Kansspelcommissie,Regulated,"A regulated market supervised by the Gaming Commission with strict marketing rules.",Belgium Gambling Lawyers | GamblingLawyers.com,"Belgium runs a licensed gambling market supervised by the Kansspelcommissie. Find specialist Belgian counsel on GamblingLawyers.com."
switzerland,Switzerland,Europe,Interkantonale Geldspielaufsicht (Gespa),Regulated,"A regulated market where online casino is tied to land-based licensees.",Switzerland Gambling Lawyers | GamblingLawyers.com,"Switzerland operates a regulated gambling market with Gespa supervision. Find specialist Swiss counsel on GamblingLawyers.com."
canada,Canada,Americas,Provincial gaming authorities,Regulated,"A provincial framework with Ontario's iGaming Ontario as the principal commercial online market.",Canada Gambling Lawyers — iGaming Ontario | GamblingLawyers.com,"Canada regulates gambling at provincial level, with Ontario leading commercial online gaming. Find specialist Canadian counsel on GamblingLawyers.com."
argentina,Argentina,Americas,Provincial gaming regulators,Regulated,"A provincial framework, with Buenos Aires Province and City among the principal markets.",Argentina Gambling Lawyers | GamblingLawyers.com,"Argentina regulates gambling at provincial level. Find specialist Argentine counsel on GamblingLawyers.com."
mexico,Mexico,Americas,Dirección General de Juegos y Sorteos,Partially regulated,"A federal framework with ongoing debate over online gambling modernisation.",Mexico Gambling Lawyers | GamblingLawyers.com,"Mexico operates a federal gambling framework with ongoing modernisation debate. Find specialist Mexican counsel on GamblingLawyers.com."
colombia,Colombia,Americas,Coljuegos,Regulated,"One of the earliest Latin American jurisdictions to license online gambling.",Colombia Gambling Lawyers — Coljuegos Licensing | GamblingLawyers.com,"Colombia was an early mover on regulated online gambling in Latin America under Coljuegos. Find specialist Colombian counsel on GamblingLawyers.com."
peru,Peru,Americas,Ministry of Foreign Trade and Tourism (Mincetur),Regulated,"A Latin American market with a recent online gambling licensing regime.",Peru Gambling Lawyers | GamblingLawyers.com,"Peru has introduced a new regime for online gambling and sports betting. Find specialist Peruvian counsel on GamblingLawyers.com."
chile,Chile,Americas,Superintendencia de Casinos de Juego,Emerging,"A market with ongoing legislative work on an online gambling framework.",Chile Gambling Lawyers | GamblingLawyers.com,"Chile is developing its online gambling framework under active legislative debate. Find specialist Chilean counsel on GamblingLawyers.com."
south-africa,South Africa,Africa,National Gambling Board,Regulated,"A market with provincial licensing for sports betting and active online debate.",South Africa Gambling Lawyers | GamblingLawyers.com,"South Africa licenses sports betting at provincial level with active online gambling debate. Find specialist South African counsel on GamblingLawyers.com."
india,India,Asia-Pacific,State-level regulators,Partially regulated,"A patchwork of state-level regimes, with skill-gaming as a defining feature.",India Gambling Lawyers | GamblingLawyers.com,"India regulates gambling at state level with skill-gaming as a core feature. Find specialist Indian counsel on GamblingLawyers.com."
philippines,Philippines,Asia-Pacific,PAGCOR,Regulated,"A licensed market with PAGCOR as the principal regulator, including offshore arrangements.",Philippines Gambling Lawyers — PAGCOR | GamblingLawyers.com,"The Philippines licenses gambling under PAGCOR, including offshore operator arrangements. Find specialist Filipino counsel on GamblingLawyers.com."
australia,Australia,Asia-Pacific,Australian Communications and Media Authority (ACMA) and state regulators,Regulated,"A federal and state framework covering sports betting, racing and online services.",Australia Gambling Lawyers | GamblingLawyers.com,"Australia regulates gambling through federal and state frameworks. Find specialist Australian counsel on GamblingLawyers.com."
new-zealand,New Zealand,Asia-Pacific,Department of Internal Affairs,Regulated,"A market with a longstanding framework and ongoing reform of online gambling.",New Zealand Gambling Lawyers | GamblingLawyers.com,"New Zealand operates a regulated gambling framework with ongoing online reform. Find specialist New Zealand counsel on GamblingLawyers.com."
