slug,firm_name,short_description,founding_year,team_size_label,office_locations,languages,jurisdictions,practice_areas,website,sources,key_lawyer_slugs,verified,featured,status
ambiel-belfiore-hanna-advogados,Ambiel Belfiore Hanna Advogados,"Sports and entertainment-focused firm advising gaming operators on regulatory compliance, betting law, and sports-related matters.",2008,11-50,"São Paulo, Brazil",Portuguese; English,brazil,regulatory-compliance;sports-betting;licensing;aml-kyc;responsible-gaming,https://ambiel.adv.br/en/,https://chambers.com/law-firm/ambiel-belfiore-e-hanna-advogados-brazil-95:22789239 | https://www.lawinsport.com/sports-law-advisors/law-firms/item/ambiel-belfiore-gomes-hanna-advogados | https://ambiel.adv.br/en/,,true,false,published
bichara-e-motta-advogados,Bichara e Motta Advogados,"Sports and entertainment specialist providing gambling and betting law advice covering licensing, regulatory compliance, and responsible gaming.",2001,51-200,"São Paulo, Brazil; Rio de Janeiro, Brazil; Brasília, Brazil; Belo Horizonte, Brazil; Vitória, Brazil",Portuguese; English,brazil,licensing;regulatory-compliance;sports-betting;aml-kyc;responsible-gaming;advertising-promotions,https://www.bicharaemotta.com.br/en/,https://chambers.com/department/bichara-e-motta-advogados-gambling-and-betting-brazil-95:3656:41:1:5547 | https://www.bicharaemotta.com.br/en/betting-law-enacted-in-brazil-overview-of-key-rules/ | https://www.bicharaemotta.com.br/,,true,false,published
demarest-advogados,Demarest Advogados,"Large full-service firm advising gambling and betting operators on corporate matters, M&A, tax, and intellectual property.",1948,200+,"São Paulo, Brazil; Rio de Janeiro, Brazil; Brasília, Brazil",Portuguese; English,brazil,licensing;regulatory-compliance;corporate-ma;tax;sports-betting;casino;intellectual-property,https://www.demarest.com.br/,https://www.demarest.com.br/en/gambling-regulation-in-brazil/ | https://chambers.com/law-firm/demarest-advogados-brazil-95:2342 | https://www.demarest.com.br/en/,,true,false,published
finocchio-and-ustra,Finocchio & Ustra,Campinas-based full-service firm with experience advising on Brazil's betting and gaming regulatory framework and SPA licensing.,,51-200,"Campinas, Brazil; São Paulo, Brazil; Ribeirão Preto, Brazil; São José dos Campos, Brazil",Portuguese; English,brazil,licensing;regulatory-compliance;sports-betting;aml-kyc,https://www.fius.com.br/en/,https://chambers.com/law-firm/finocchio-ustra-brazil-95:23032926 | https://www.legal500.com/firms/236700-finocchio-ustra-sociedade-de-advogados/c-brazil/news-and-developments/brazils-ministry-of-finance-receives-over-100-applications-from-betting-companies-to-operate-in-2025 | https://www.fius.com.br/,,true,false,published
lefosse-advogados,Lefosse Advogados,"Full-service firm with focused gambling and betting practice, advising operators on licensing procedures and regulatory compliance.",,51-200,"São Paulo, Brazil; Rio de Janeiro, Brazil; Brasília, Brazil",Portuguese; English,brazil,licensing;regulatory-compliance;sports-betting;casino;aml-kyc;advertising-promotions,https://lefosse.com/en/,https://chambers.com/department/lefosse-advogados-gambling-and-betting-brazil-95:3656:41:1:3486 | https://chambers.com/law-firm/lefosse-advogados-brazil-95:3486 | https://lefosse.com/en/,,true,false,published
machado-meyer,Machado Meyer,"Large full-service firm with dedicated gaming and betting team advising on SPA licensing, compliance, and responsible gaming policies.",1972,200+,"São Paulo, Brazil; Rio de Janeiro, Brazil; Brasília, Brazil; Belo Horizonte, Brazil",Portuguese; English,brazil,licensing;regulatory-compliance;aml-kyc;sports-betting;casino;responsible-gaming;tax,https://www.machadomeyer.com.br/,https://www.machadomeyer.com.br/en/practice-areas/industries/gaming-and-betting | https://www.machadomeyer.com.br/en/recent-publications/publications/digital-law/an-overview-of-gambling-betting-gaming-and-wagering-practices | https://chambers.com/law-firm/machado-meyer-brazil-95:3490,,true,false,published
maia-yoshiyasu-advogados,Maia Yoshiyasu Advogados,"Leading Brazilian gaming firm specializing in sports betting, online casinos, e-sports, fantasy sports, and responsible gaming.",2016,11-50,"São Paulo, Brazil",Portuguese; English; Spanish,brazil,licensing;regulatory-compliance;sports-betting;casino;aml-kyc;responsible-gaming;market-entry-strategy,https://mylaw.com.br/en/,https://mylaw.com.br/en/areas/gaming/ | https://iclg.com/firms/maia-yoshiyasu-advogados | https://chambers.com/law-firm/maia-yoshiyasu-advogados-mylaw-brazil-95:23013532,,true,false,published
mattos-filho,Mattos Filho,"Full-service firm with experienced gambling and betting team, advising on licensing, regulatory compliance, and entertainment law.",1992,200+,"São Paulo, Brazil; Rio de Janeiro, Brazil; Brasília, Brazil; Campinas, Brazil",Portuguese; English,brazil,licensing;regulatory-compliance;sports-betting;casino;aml-kyc;advertising-promotions;tax,https://www.mattosfilho.com.br/,https://chambers.com/department/mattos-filho-gambling-and-betting-brazil-95:3656:41:1:2558 | https://chambers.com/law-firm/mattos-filho-brazil-95:2558 | https://www.mattosfilho.com.br/,,true,true,published
pinheiro-neto-advogados,Pinheiro Neto Advogados,"Market leader in gambling and betting, advising domestic and international operators on regulatory, transactional, and M&A matters.",1942,200+,"São Paulo, Brazil; Rio de Janeiro, Brazil; Brasília, Brazil",Portuguese; English,brazil,licensing;regulatory-compliance;corporate-ma;tax;aml-kyc;sports-betting;casino;litigation-disputes,https://www.pinheironeto.com.br/,https://chambers.com/law-firm/pinheiro-neto-advogados-brazil-95:3500 | https://chambers.com/department/pinheiro-neto-advogados-gambling-and-betting-brazil-95:3656:41:1:3500 | https://latinlawyer.com/rankings/latin-lawyer-250/profile/firm/pinheiro-neto-advogados,,true,true,published
tozzinifreire-advogados,TozziniFreire Advogados,"Full-service firm with dedicated gaming and e-sports sector group experienced in betting transactions, licensing, and consumer litigation.",1976,200+,"São Paulo, Brazil; Rio de Janeiro, Brazil; Brasília, Brazil; Porto Alegre, Brazil; Campinas, Brazil",Portuguese; English,brazil,licensing;regulatory-compliance;sports-betting;casino;corporate-ma;litigation-disputes;aml-kyc,https://tozzinifreire.com.br/,https://chambers.com/department/tozzinifreire-gambling-and-betting-brazil-95:3656:41:1:2348 | https://tozzinifreire.com.br/en/advogados/jun-makuta | https://chambers.com/law-firm/tozzinifreire-advogados-brazil-95:3486,,true,false,published
veirano-advogados,Veirano Advogados,"Full-service firm with strong gambling and betting practice, advising international operators on regulatory compliance and market entry.",1972,200+,"Rio de Janeiro, Brazil; São Paulo, Brazil; Porto Alegre, Brazil; Brasília, Brazil",Portuguese; English,brazil,licensing;regulatory-compliance;sports-betting;casino;aml-kyc;market-entry-strategy;corporate-ma,https://www.veirano.com.br/,https://chambers.com/law-firm/veirano-advogados-brazil-95:3287 | https://chambers.com/department/veirano-advogados-gambling-and-betting-brazil-95:3656:41:1:3287 | https://www.veirano.com.br/,,true,false,published
advant-beiten,ADVANT Beiten,Top-tier games law firm with 10+ years expertise; Legal 500 gaming practice leader in Germany.,1990,200+,"Berlin, Germany; Düsseldorf, Germany; Frankfurt, Germany; Hamburg, Germany; Munich, Germany",German; English,germany,licensing;regulatory-compliance;advertising-promotions;responsible-gaming,https://www.advant-beiten.com/en/,https://www.advant-beiten.com/en/aktuelles/downloads/games-law-germany-z | https://www.legal500.com/firms/10878-advant-beiten/11225-frankfurt-germany/,,true,false,published
bird-and-bird,Bird & Bird,"International gaming law firm; Tier 1 UK Legal 500 video games; advises on regulatory, contracts, clearance.",,200+,"Berlin, Germany; Düsseldorf, Germany; Frankfurt, Germany; Hamburg, Germany; Munich, Germany",German; English,germany,licensing;intellectual-property;commercial-contracts,https://www.twobirds.com/en/reach/western-europe/germany,https://www.twobirds.com/en/capabilities/sectors/media-entertainment-and-sport/games | https://www.legal500.com/firms/342-bird-bird-llp/233092-berlin-germany/,,true,false,published
cbh-rechtsanw-lte,CBH Rechtsanwälte,"Specialized Glücksspielrecht practice; advises on advertising compliance, regulatory requirements, injunction relief.",1963,51-200,"Berlin, Germany; Cologne, Germany; Brussels, Belgium; Hamburg, Germany; Munich, Germany",German; English,germany;belgium,licensing;regulatory-compliance;advertising-promotions;litigation-disputes,https://www.cbh.de/en/,https://www.cbh.de/en/practice-areas/ip-media-it/gambling-law/ | https://www.juve.de/nachrichten/verfahren/2014/06/regulierung-im-online-glucksspiel-cbh-mandantin-westlotto-siegt-vor-eugh,,true,false,published
cms-germany,CMS Germany,"35-lawyer sports/gaming group; advises World Esports Association, ESL Gaming, DFL gaming matters.",,200+,"Berlin, Germany; Cologne, Germany; Düsseldorf, Germany; Frankfurt, Germany; Hamburg, Germany; Leipzig, Germany; Munich, Germany; Stuttgart, Germany",German; English,germany,regulatory-compliance;advertising-promotions;licensing,https://cms.law/en/deu/,https://cms.law/en/deu/global-reach/europe/germany/expertise/tmc-technology-media-communications/sports-gaming-and-esports | https://www.legal500.com/firms/557-cms/c-germany/rankings,,true,false,published
fieldfisher,Fieldfisher,International law firm with dedicated Glücksspielrecht practice; advises operators on technology-law alignment.,1835,200+,"Berlin, Germany; Düsseldorf, Germany; Frankfurt, Germany; Hamburg, Germany; Munich, Germany",German; English,germany,regulatory-compliance;licensing,https://www.fieldfisher.com/en/locations/germany,https://www.fieldfisher.com/de-de/locations/germany/services/verwaltungsrecht/glucksspielrecht | https://www.fieldfisher.com/en/insights/germany-allows-online-gambling,,true,false,published
graef-rechtsanw-lte,GRAEF Rechtsanwälte,Legal 500 ranked media/gaming law boutique; recognized top gaming law counselors in Germany.,2008,11-50,"Berlin, Germany; Hamburg, Germany",German; English,germany,licensing;intellectual-property;commercial-contracts,https://graef.law/en/,https://graef.law/legal-500-germany-2025/ | https://www.legal500.com/firms/14430-graef-rechtsanwalte/18792-hamburg-germany/,,true,false,published
greenberg-traurig,Greenberg Traurig,International gaming law firm; Berlin/Munich offices advise gaming operators on licensing and compliance.,,200+,"Berlin, Germany; Munich, Germany",German; English,germany,licensing;regulatory-compliance;corporate-ma;litigation-disputes,https://www.gtlaw.com/en/locations,https://www.gtlaw.com/en/capabilities/gaming | https://www.legal500.com/firms/51354-greenberg-traurig-llp/c-germany/about,,true,false,published
hambach-and-hambach,Hambach & Hambach,Boutique gaming law specialist 15+ years; achieved landmark Carmen Media ECJ ruling reshaping German gambling law.,,1-10,"Munich, Germany",German; English,germany,licensing;regulatory-compliance;skill-games-fantasy-sports;corporate-ma,https://www.timelaw.de/en/,https://www.gaminglaw.eu/about/hambach-hambach-law-firm/ | https://www.timelaw.de/en/gambling-2/,,true,true,published
melchers-rechtsanw-lte,MELCHERS Rechtsanwälte,30+ years gaming expertise; first German firm licensed online sports betting under Schleswig-Holstein regime.,1973,11-50,"Berlin, Germany; Frankfurt, Germany; Heidelberg, Germany; Mannheim, Germany",German; English,germany,licensing;regulatory-compliance;sports-betting;casino;responsible-gaming,https://www.melchers-law.com/?lang=en,https://www.melchers-law.com/praxisgruppe/gaming-betting-law-practice-group/?lang=en | https://www.legal500.com/firms/11418-melchers-rechtsanwalte-partnerschaftsgesellschaft-mbb/12213-heidelberg-germany/,,true,false,published
redeker-sellner-dahs,Redeker Sellner Dahs,Leading German gaming law experts with landmark victories in sports betting regulation and EU gaming cases.,1929,51-200,"Bonn, Germany; Berlin, Germany; Brussels, Belgium; London, United Kingdom; Munich, Germany",German; English,germany;united-kingdom;belgium,licensing;regulatory-compliance;sports-betting;litigation-disputes,https://www.redeker.de/en/,https://www.redeker.de/en/sectors/gambling-leisure-and-sport | https://www.legal500.com/firms/11671-redeker-sellner-dahs/14182-bonn-germany/,,true,true,published
skw-schwarz,SKW Schwarz,Chambers-ranked games practice; advises on TMT and gaming sector licensing and regulatory matters.,1949,200+,"Berlin, Germany; Frankfurt, Germany; Hamburg, Germany; Munich, Germany",German; English,germany,licensing;regulatory-compliance;intellectual-property,https://www.skwschwarz.de/en/,https://www.skwschwarz.de/en/expertise/media-entertainment/games | https://chambers.com/law-firm/skw-schwarz-germany-122:4130,,true,false,published
taylor-wessing,Taylor Wessing,"TMT law firm advising gaming developers on German regulatory compliance, youth protection, gaming law updates.",,200+,"Berlin, Germany; Düsseldorf, Germany; Frankfurt, Germany; Hamburg, Germany; Munich, Germany",German; English,germany,regulatory-compliance;data-protection-gdpr;licensing,https://www.taylorwessing.com/en/global-reach/countries/germany,https://www.taylorwessing.com/en/insights-and-events/insights/2022/10/german-gaming-law--update-2021-2022 | https://www.legal500.com/rankings/ranking/c-germany/media/entertainment/3259-taylor-wessing-llp,,true,false,published
ellul-and-co,Ellul & Co,Established 1973 Gibraltar law firm offering gaming practice; advises on obtaining gaming licenses and affiliate/white-label agreements with licensed operators.,1973,11-50,"Gibraltar, Gibraltar",English,gibraltar,licensing;corporate-ma;commercial-contracts,https://ellulco.com,https://ellulco.com/services/gaming/ | https://www.ellulcruz.com/ | https://chambers.com/law-firm/ellul-cruz-europe-7:23032232,,true,false,published
hassans-international-law-firm,Hassans International Law Firm,"Leading Gibraltar law firm with industry-leading online gaming team since early 1990s; advises on licensing, regulatory compliance, M&A and corporate matters.",1939,200+,"Gibraltar, Gibraltar; Sotogrande, Spain",English; Spanish,gibraltar;spain,licensing;regulatory-compliance;corporate-ma;tax;aml-kyc;commercial-contracts;employment,https://www.gibraltarlaw.com,https://www.gibraltarlaw.com/expertise/gaming/ | https://chambers.com/law-firm/hassans-global-2:3795 | https://www.legal500.com/rankings/ranking/c-gibraltar/gambling-law/10295-hassans,,true,true,published
isolas-llp,ISOLAS LLP,"Gibraltar's oldest law firm (1892) with dedicated gaming team; expertise in licensing, regulation, transactions, corporate for remote gaming operators.",1892,51-200,"Gibraltar, Gibraltar",English; Spanish; French; Italian,gibraltar,licensing;regulatory-compliance;corporate-ma;commercial-contracts;aml-kyc;tax;litigation-disputes,https://gibraltarlawyers.com,https://gibraltarlawyers.com/practice/gaming-ecommerce/ | https://chambers.com/law-firm/isolas-llp-global-2:3434 | https://www.legal500.com/firms/10290-isolas-llp/c-gibraltar/about,,true,true,published
ramparts,Ramparts,"Specialist fintech and gaming law firm (2012) with English, Irish, and Gibraltar-qualified lawyers; advises operators on cross-border regulatory issues.",2012,11-50,"Gibraltar, Gibraltar",English,gibraltar,licensing;regulatory-compliance;corporate-ma;commercial-contracts;aml-kyc;employment,https://ramparts.gi,https://ramparts.gi/betting-gaming/ | https://www.legal500.com/c/gibraltar/gambling-law | https://iclg.com/firms/ramparts,,true,false,published
triay-limited,Triay Limited,Gibraltar's longest continuously operating law firm (1905); full-service firm with corporate and commercial expertise; gaming practice not primary focus.,1905,11-50,"Gibraltar, Gibraltar; Marbella, Spain",English; Spanish,gibraltar;spain,corporate-ma;commercial-contracts;litigation-disputes,https://www.triay.com,https://www.triay.com/ | https://www.triay.com/history/ | https://www.triayspain.com/,,true,false,published
tsn-triay-stagnetto-neish-barristers-and-solicitors,TSN (Triay Stagnetto Neish) Barristers & Solicitors,"Leading Gibraltar law firm (2001) with combined barristers/solicitors advising gaming operators since 1998 on licensing, establishment, and regulatory compliance.",2001,51-200,"Gibraltar, Gibraltar",English,gibraltar,licensing;regulatory-compliance;commercial-contracts;employment,https://www.tsnlaw.com,https://www.tsnlaw.com/portfolio/gaming/ | https://chambers.com/department/tsn-barristers-solicitors-general-business-law-europe-7:852:94:1:3435 | https://www.legal500.com/firms/10357-tsn-barristers-solicitors/c-gibraltar/rankings,,true,false,published
appleby,Appleby,Leading offshore law firm with specialist eGaming and gambling team in Isle of Man office. Tier One Legal 500 ranking.,,200+,Bermuda; British Virgin Islands; Cayman Islands; Guernsey; Isle of Man; Jersey; Mauritius; Seychelles; Hong Kong; Shanghai,English,isle-of-man,licensing;regulatory-compliance;corporate-ma;data-protection-gdpr;intellectual-property;commercial-contracts,https://www.applebyglobal.com/,https://www.applebyglobal.com/sectors/egaming/ | https://www.legal500.com/c/isle-of-man/gambling | https://iclg.com/firms/appleby-isle-of-man-llc,,true,true,published
cains,Cains,Independent law firm established 1899 with eGaming team serving prominent Isle of Man gaming companies. Tier 1 Legal 500.,1899,51-200,"Douglas, Isle of Man",English,isle-of-man,licensing;regulatory-compliance;corporate-ma;intellectual-property;commercial-contracts;employment;data-protection-gdpr,https://www.cains.com/,https://www.cains.com/sectors/e-gaming/ | https://www.legal500.com/c/isle-of-man/gambling | https://chambers.com/law-firm/cains-uk-1:4528,,true,false,published
kosnahan-law,Kosnahan Law,Boutique legal firm founded 2021 specializing in regulated online gambling and esports. Over 15 years combined sector expertise.,2021,1-10,Isle of Man,English,isle-of-man,licensing;regulatory-compliance;intellectual-property;data-protection-gdpr;commercial-contracts;skill-games-fantasy-sports,https://www.kosnahan.com/,https://www.kosnahan.com/ | https://www.kosnahan.com/about/ | https://www.legal500.com/c/isle-of-man/gambling,,true,false,published
m-and-p-legal,M&P Legal,Isle of Man's first incorporated legal practice. Specialist in e-commerce including online gaming licensing and regulatory compliance.,,11-50,"Douglas, Isle of Man",English,isle-of-man,licensing;regulatory-compliance;corporate-ma;commercial-contracts;intellectual-property;employment,https://www.mplegal.im/,https://www.mplegal.im/ | https://www.mplegal.im/practice-areas/commercial | https://www.legal500.com/c/isle-of-man,,true,false,published
mannbenham-advocates,MannBenham Advocates,"Boutique commercial firm with 25+ years eGaming and gambling law expertise. Specializes in licensing, compliance, and gaming operations.",1997,51-200,"Douglas, Isle of Man",English,isle-of-man,licensing;regulatory-compliance;aml-kyc;corporate-ma;payments-fintech;responsible-gaming;commercial-contracts,https://www.mannbenham.com/,https://www.mannbenham.com/ | https://practiceguides.chambers.com/practice-guides/gaming-law-2024/isle-of-man | https://www.legal500.com/c/isle-of-man/gambling,,true,false,published
casellato-and-travagli,Casellato & Travagli,"Rovigo-based boutique with decade+ gaming law experience handling operator licensing, disputes, and regulatory compliance.",,1-10,"Rovigo, Italy",Italian,italy,licensing;regulatory-compliance;litigation-disputes;commercial-contracts,https://www.casellatotravagli.it/,https://www.casellatotravagli.it/ | https://lawzana.com/gaming-lawyers/italy,,true,false,published
cms-italy,CMS Italy,"Established 1901, multipractice firm with gaming law expertise across online gambling regulation, compliance, and operator matters.",1901,200+,"Milan, Italy; Rome, Italy",Italian; English,italy,licensing;regulatory-compliance;aml-kyc;data-protection-gdpr;commercial-contracts;corporate-ma,https://cms.law/en/ita/,https://cms.law/en/int/expert-guides/cms-expert-guide-to-online-gambling-regulation-in-europe/italy | https://cms.law/en/ita/,,true,false,published
de-berti-jacchia-franchini-forlani,De Berti Jacchia Franchini Forlani,"Founded 1975, two decades of gaming and betting specialization for EU and multinational operators with expertise in competition law.",1975,51-200,"Milan, Italy; Rome, Italy; Brussels, Belgium; Moscow, Russia",Italian; English,italy;belgium,licensing;regulatory-compliance;corporate-ma;litigation-disputes;commercial-contracts,https://www.dejalex.com/,https://www.dejalex.com/industries/betting-and-gaming/ | https://chambers.com/law-firm/de-berti-jacchia-franchini-forlani-global-2:1669,,true,false,published
dla-piper-italy,DLA Piper Italy,"Global Co-Chair Giulio Coraggio leads gaming and gambling practice with expertise in regulatory compliance, disputes, and esports.",,200+,"Milan, Italy; Rome, Italy",Italian; English,italy,licensing;regulatory-compliance;corporate-ma;litigation-disputes;data-protection-gdpr;commercial-contracts;intellectual-property,https://www.dlapiper.com/en/locations/italy,https://www.dlapiper.com/en/people/c/coraggio-giulio | https://www.gamingtechlaw.com/about-giulio-coraggio/,,true,false,published
lca-studio-legale,LCA Studio Legale,"Founded 2004, multidisciplinary firm with gaming and esports practice supporting video game developers and operators.",2004,200+,"Milan, Italy; Rome, Italy; Genoa, Italy; Treviso, Italy; Brussels, Belgium; Dubai, UAE",Italian; English,italy;belgium,intellectual-property;commercial-contracts;corporate-ma;data-protection-gdpr;regulatory-compliance,https://www.lcalex.it/en/,https://www.lcalex.it/en/industry/gaming-esports/ | https://www.lcalex.it/en/about-us/,,true,false,published
meplaw-studio-legale-maggesi-macchi-mazza,MEPLAW (Studio Legale Maggesi Macchi Mazza),"Founded 2019, pioneer in comprehensive gaming and betting services including licensing, M&A, regulatory compliance, and skill games.",2019,51-200,"Rome, Italy; Milan, Italy; Viareggio, Italy; London, United Kingdom; Madrid, Spain",Italian; English; Spanish,italy;united-kingdom;spain,licensing;regulatory-compliance;corporate-ma;commercial-contracts;skill-games-fantasy-sports;affiliate-compliance;litigation-disputes;tax,https://www.meplaw.net/en/,https://www.meplaw.net/en/ | https://www.meplaw.net/en/gambling-gaming-and-skill-game/,,true,false,published
norton-rose-fulbright-italy,Norton Rose Fulbright Italy,"Global gaming practice advising on regulatory, compliance, data protection, and M&A matters for gaming operators and developers.",,200+,Italy,Italian; English,italy,regulatory-compliance;intellectual-property;data-protection-gdpr;corporate-ma;commercial-contracts;litigation-disputes,https://www.nortonrosefulbright.com/en-it/services/3783a3a0/gaming,https://www.nortonrosefulbright.com/en-it/knowledge/publications/74d1ec24/gaming-and-esports | https://www.nortonrosefulbright.com/en-it/services/3783a3a0/gaming,,true,false,published
studio-legale-adamo,Studio Legale Adamo,"Bologna-based firm specializing in gambling and gaming law with expertise in operator licensing, disputes, and regulatory matters.",,1-10,"Bologna, Italy",Italian; English,italy,licensing;regulatory-compliance;litigation-disputes;commercial-contracts,https://www.studiolegaleadamo.it/,https://www.studiolegaleadamo.it/servizi/aree-di-competenza/gambling | https://lawzana.com/gaming-lawyers/italy,,true,false,published
studio-legale-bridgelaw,Studio Legale Bridgelaw,"Specialized in gaming and betting law with 20+ years experience advising operators on licensing, compliance, and regulatory matters.",,11-50,Italy,Italian; English,italy,licensing;regulatory-compliance;corporate-ma;commercial-contracts,https://www.bridgelaw.it/en/,https://www.bridgelaw.it/en/ | https://www.mondaq.com/italy/gaming/1697196/the-italian-market-gaming-regulation-podcast,,true,false,published
studio-legale-rinaldi-e-associati-rass,Studio Legale Rinaldi e Associati (RASS),"Founded 1995, provides legal assistance to gaming operators on licensing, concessions, and regulatory compliance.",1995,11-50,"Milan, Italy; Rome, Italy; Florence, Italy",Italian; English,italy,licensing;regulatory-compliance;corporate-ma;commercial-contracts,https://www.rass.law/en/,https://www.rass.law/en/areas-of-activity/giochi-e-scommesse/ | https://www.legal500.com/firms/14437-lca-studio-legale/18802-milan-italy/,,true,false,published
studio-legale-sbordoni-and-partners,Studio Legale Sbordoni & Partners,"Specializes in gaming and betting law since 2000 with expertise in ADM licensing, regulatory compliance, and M&A for operators.",,1-10,"Rome, Italy",Italian; English,italy,licensing;regulatory-compliance;corporate-ma;commercial-contracts;litigation-disputes,https://studiosbordoni.com/,https://studiosbordoni.com/?lang=en | https://chambers.com/law-firm/sbordoni-partners-global-2:308585,,true,false,published
tonucci-and-partners,Tonucci & Partners,"Founded 1994, leading Italian gaming law firm with Quirino Mancini as global head of gaming practice advising operators on licensing and regulatory matters.",1994,200+,"Rome, Italy; Milan, Italy; Florence, Italy; Padua, Italy; Bucharest, Romania",Italian; English,italy,licensing;regulatory-compliance;corporate-ma;commercial-contracts;market-entry-strategy;sports-betting;casino,https://tonucci.com/en/,https://tonucci.com/en/professionisti/quirino-mancini-2/ | https://www.imgl.org/user/Quirino.Mancini/,,true,true,published
be-legal-advocates,be.legal Advocates,"Multi-disciplinary firm founded 2008 with specialized iGaming practice. Handles MGA applications, license compliance, ongoing regulatory support for operators.",2008,11-50,"St. Julian's, Malta",English; Maltese,malta,licensing;regulatory-compliance;corporate-ma,https://belegal.com.mt/,https://belegal.com.mt/malta-law-services/online-and-remote-gaming/ | https://belegal.com.mt/about-law-firm/,,true,false,published
camilleri-preziosi,Camilleri Preziosi,Leading Valletta-based firm established in 1960s with Band 1 ranking in General Business Law. Advises gaming clients across regulatory compliance and M&A.,,51-200,"Valletta, Malta",English; Maltese,malta,licensing;regulatory-compliance;corporate-ma;aml-kyc,https://camilleripreziosi.com/,https://camilleripreziosi.com/ | https://www.legal500.com/firms/10105-camilleri-preziosi/10111-valletta-malta/,,true,true,published
chetcuti-cauchi-advocates,Chetcuti Cauchi Advocates,"One of Malta's largest law firms with comprehensive gaming and iGaming practice. Provides end-to-end licensing, compliance, and corporate advisory services to gaming operators and platforms.",2004,51-200,"Valletta, Malta; Birkirkara, Malta",English; Maltese,malta,licensing;regulatory-compliance;corporate-ma;commercial-contracts;tax,https://www.ccmalta.com/,https://www.ccmalta.com/practices/igaming-law | https://www.linkedin.com/company/chetcuti-cauchi-advocates,,true,false,published
df-advocates,DF Advocates,"Founded 2003, this Sliema-based firm specializes in gaming operations and IT setup. Advises international clients on regulatory compliance and startup requirements in Malta's gaming sector.",2003,11-50,"Sliema, Malta",English,malta,licensing;regulatory-compliance;corporate-ma,https://dfadvocates.com/,https://dfadvocates.com/expertice/gaming-and-betting/ | https://mt.linkedin.com/company/df-advocates,,true,false,published
ellul-schranz-e-and-s-group,Ellul Schranz (E&S Group),Specialized firm with 15+ years iGaming experience. Assists operators with MGA licensing process and regulatory compliance in Malta's gaming sector.,,1-10,Malta,English,malta,licensing;regulatory-compliance,https://www.ellulschranz.com/,https://www.ellulschranz.com/igaming-license-malta-2024/ | https://www.ellulschranz.com/about/,,true,false,published
emd-advocates,EMD Advocates,"Established multidisciplinary firm with niche expertise in Malta gaming law, financial services, and trust law. Provides legal, tax, and advisory services to gaming sector.",,11-50,"Valletta, Malta",English; Maltese,malta,licensing;regulatory-compliance;tax;corporate-ma,https://www.emd.com.mt/,https://www.emd.com.mt/brochures/en/remote_gaming_malta_vb1.html | https://www.legal500.com/firms/10069-emd-advocates/c-malta/about,,true,false,published
gg-advocates,GG Advocates,Valletta-based firm (Grech & Ghaznavi) with e-gaming law expertise among broader multidisciplinary practice. Experienced in gaming regulation and compliance.,,11-50,"Valletta, Malta",English; Maltese,malta,regulatory-compliance;commercial-contracts,http://www.ggadvocates.com/,http://www.ggadvocates.com/service/e-gaming | https://www.zoominfo.com/c/gg-advocates/348828398,,true,false,published
gonzi-and-associates,Gonzi & Associates,"Boutique firm specializing in gaming law for both land-based and remote operations. Expert in licensing, gaming approvals, and compliance with 13+ years of sector experience.",1976,1-10,"Valletta, Malta",English; Maltese,malta,licensing;regulatory-compliance;corporate-ma,https://gonzi.com.mt/,https://gonzi.com.mt/gaming-it-telecoms/gaming-and-betting-law/ | https://gonzi.com.mt/about/,,true,false,published
gtg-legal,GTG Legal,"Technology-focused firm established in 1997, pioneering in gaming law with dedicated practice advising remote gaming licensees. Expertise in M&A, fintech, and emerging tech in gaming sector.",1997,11-50,"Valletta, Malta",English; Maltese,malta,licensing;regulatory-compliance;corporate-ma;intellectual-property;litigation-disputes,https://gtg.com.mt/,https://gtg.com.mt/practice-areas/gaming-and-betting-law/ | https://chambers.com/law-firm/gtg-legal-europe-7:3164,,true,false,published
gvzh-advocates,GVZH Advocates,"Top-tier Maltese law firm specializing in gaming law with deep expertise in MGA licensing, regulatory compliance, and advising major gaming operators. Among the first to establish Malta as a gaming regulatory hub.",,51-200,"Valletta, Malta",English; Maltese,malta,licensing;regulatory-compliance;aml-kyc;corporate-ma;litigation-disputes,https://gvzh.mt/,https://gvzh.mt/services/practice-areas/igaming/ | https://www.legal500.com/firms/11777-gvzh-advocates/c-malta/about,,true,true,published
iuris-malta,IURIS Malta,"Gaming and betting law specialists founded 2011. Assists operators with licensing, corporate requirements, and compliance in the remote gaming sector; advocates for responsible gaming.",2011,1-10,"Valletta, Malta; Victoria, Gozo",English; Maltese,malta,licensing;regulatory-compliance;responsible-gaming,http://iurismalta.com/,http://iurismalta.com/practice-areas/gaming-betting/ | https://mt.linkedin.com/company/iuris-malta,,true,false,published
mifsud-and-mifsud-advocates,Mifsud & Mifsud Advocates,"Valletta-based firm founded 2007 offering multidisciplinary practice including gaming law. Advises on gaming legislation, licensing, and commercial matters.",2007,1-10,"Valletta, Malta",English; Maltese,malta,licensing;regulatory-compliance;commercial-contracts,https://www.mifsudadvocates.com.mt/,http://www.mifsudadvocates.com.mt/gaming | https://iclg.com/firms/mifsud-and-mifsud,,true,false,published
vassallo-associates,Vassallo Associates,"Specialist multidisciplinary firm with strong litigation-led gaming practice. Advises operators on MGA investigations, regulatory compliance, and cross-border dispute resolution.",1870,11-50,"Valletta, Malta; United Kingdom",English,malta;united-kingdom,licensing;regulatory-compliance;litigation-disputes;aml-kyc,https://www.hvassallo.com/,https://www.hvassallo.com/practice-areas/igaming-law-malta/ | https://mt.linkedin.com/company/vassallo-associates,,true,false,published
wh-partners,WH Partners,Leading gaming and fintech law firm founded 2006 with pan-European expertise. Named CEE Gaming Law Firm of the Year 2026; advises major operators on compliance and M&A across jurisdictions.,2006,11-50,"Valletta, Malta; Rome, Italy; Bucharest, Romania; Malta; Italy; Romania; Czech Republic; Poland; UAE",English; Italian; Romanian,malta;italy,licensing;regulatory-compliance;aml-kyc;corporate-ma;tax;data-protection-gdpr,https://whpartners.eu/,https://whpartners.eu/industry/gaming-gambling/ | https://www.legal500.com/firms/16324-wh-partners/c-malta/about | https://whpartners.eu/about/ | https://chambers.com/law-firm/wh-partners-europe-7:250518,,true,true,published
akd-benelux-lawyers,AKD Benelux Lawyers,"Full-service Benelux firm with 500+ lawyers advising on gaming, betting and remote gambling regulations.",,200+,"Amsterdam, Netherlands; Breda, Netherlands; Eindhoven, Netherlands; Rotterdam, Netherlands; Brussels, Belgium; Luxembourg, Luxembourg",Dutch; English; French,netherlands;belgium,licensing;regulatory-compliance;commercial-contracts;tax,https://www.akd.eu/,https://www.akd.eu/industry/gaming-and-betting | https://www.akd.eu/insights/betting-and-gaming-act-in-the-netherlands | https://iclg.com/firms/akd-benelux-lawyers,,true,false,published
blenheim,Blenheim,"Medium-sized Amsterdam law firm advising on gaming licensing, KSA compliance, and gambling enforcement.",2001,51-200,"Amsterdam, Netherlands",Dutch; English,netherlands,licensing;regulatory-compliance;commercial-contracts;litigation-disputes;responsible-gaming,https://www.blenheim.nl/en/,https://www.blenheim.nl/en/about-us/about-blenheim/ | https://www.blenheim.nl/en/practice-areas/administrative-law/gaming-law/ | https://chambers.com/law-firm/bureau-brandeis-europe-7:22756486,,true,false,published
bureau-brandeis,Bureau Brandeis,"Specialist dispute resolution and regulatory practice advising on KSA enforcement, licensing and gaming litigation.",2013,51-200,"Amsterdam, Netherlands; Paris, France",Dutch; English; French,netherlands,licensing;regulatory-compliance;litigation-disputes;aml-kyc,https://bureaubrandeis.com/,https://www.legal500.com/firms/16825-bureau-brandeis/c-netherlands/about | https://chambers.com/law-firm/bureau-brandeis-europe-7:22756486 | https://bureaubrandeis.com/?lang=en,,true,false,published
franssen-tolboom,Franssen Tolboom,"Boutique gambling law firm specialising in gaming, fintech, sports and media with 25+ years sector experience.",2025,11-50,"Amsterdam, Netherlands",Dutch; English,netherlands,licensing;regulatory-compliance;aml-kyc;corporate-ma;payments-fintech;advertising-promotions;responsible-gaming;data-protection-gdpr;commercial-contracts;litigation-disputes,https://www.franssentolboom.nl/en/home-english/,https://www.franssentolboom.nl/en/law-firm-franssen-tolboom-launches-on-january-1-2025/ | https://practiceguides.chambers.com/practice-guides/gaming-law-2025/netherlands/trends-and-developments | https://iclg.com/firms/franssen-tolboom,,true,false,published
gaming-legal-group,Gaming Legal Group,"Global niche gaming specialist with litigation and compliance practices across Netherlands, Malta, and Curaçao.",2011,11-50,"Halfweg, Netherlands; Malta; Curaçao",Dutch; English,netherlands;malta;curacao,licensing;regulatory-compliance;litigation-disputes;aml-kyc;commercial-contracts,https://www.gaminglegalgroup.com/,https://www.gaminglegalgroup.com/ | https://iclg.com/firms/gaming-legal-group-glg-litigation | https://www.yelp.com/biz/gaming-legal-group-halfweg-2,,true,false,published
gofaizen-and-sherle,Gofaizen & Sherle,International FinTech and iGaming specialist assisting with Netherlands KSA licensing and compliance.,,11-50,"Tallinn, Estonia; Vilnius, Lithuania",English; Swedish,estonia;lithuania,licensing;regulatory-compliance;aml-kyc;payments-fintech;market-entry-strategy,https://gofaizen-sherle.com/,https://gofaizen-sherle.com/ | https://gofaizen-sherle.com/gambling-license/netherlands | https://gofaizen-sherle.com/about | https://gofaizen-sherle.com/gambling-license/sweden | https://gofaizen-sherle.com,,true,false,published
kalff-katz-and-franssen,Kalff Katz & Franssen,"Exclusive boutique specialising 25+ years in gaming and gambling law, media and entertainment sectors.",2001,11-50,"Amsterdam, Netherlands",Dutch; English,netherlands,licensing;regulatory-compliance;aml-kyc;corporate-ma;commercial-contracts;advertising-promotions;responsible-gaming,https://www.kalffkatzfranssen.nl/en/,https://www.kalffkatzfranssen.nl/en/about-us/ | https://iclg.com/firms/kalff-katz-and-franssen-advocaten | https://www.gaminglaw.eu/about/kalff-katz-franssen/,,true,true,published
law-and-more,Law and More,"Multidisciplinary Dutch firm advising on gambling licensing, KSA compliance, and regulatory requirements.",,11-50,"Amsterdam, Netherlands; Eindhoven, Netherlands",Dutch; English,netherlands,licensing;regulatory-compliance;commercial-contracts;corporate-ma,https://lawandmore.eu/,https://lawandmore.eu/about-us/ | https://lawandmore.eu/blog/the-dutch-gambling-act/,,true,false,published
stibbe,Stibbe,International full-service firm with public law expertise advising market leaders on gaming administration law.,,200+,"Amsterdam, Netherlands; Brussels, Belgium; Luxembourg, Luxembourg; London, United Kingdom; New York, United States",Dutch; English; French,netherlands;belgium;united-kingdom;united-states,regulatory-compliance;litigation-disputes;commercial-contracts,https://www.stibbe.com/,https://www.stibbe.com/ | https://chambers.com/law-firm/stibbe-europe-7:3874 | https://chambers.com/department/stibbe-public-law-europe-7:572:155:1:3874,,true,false,published
advokatbyr-n-gulliksson,Advokatbyrån Gulliksson,"Commercial law firm specializing in gaming and betting industry, advising participants and organizations on licensing.",1975,11-50,"Malmö, Sweden; Lund, Sweden",Swedish; English,sweden,licensing;regulatory-compliance;intellectual-property;commercial-contracts;advertising-promotions,https://www.gulliksson.se,https://www.gulliksson.se/en/services/gaming-and-betting/ | https://www.legal500.com/firms/11090-advokatbyran-gulliksson/11824-malmo-sweden/,,true,false,published
cirio,Cirio,"Business law firm with specialized gaming sector practice handling M&A, regulatory issues and operator compliance.",2019,51-200,"Stockholm, Sweden",Swedish; English,sweden,licensing;regulatory-compliance;corporate-ma;commercial-contracts;data-protection-gdpr,https://cirio.se,https://cirio.se/en/sectors/digital/gaming | https://chambers.com/law-firm/cirio-advokatbyra-ab-europe-7:23110472,,true,false,published
delorean-advokat,DeLorean Advokat,"Stockholm-based business law firm advising on gambling litigation, regulatory compliance and dispute resolution.",,1-10,"Stockholm, Sweden",Swedish; English,sweden,licensing;regulatory-compliance;litigation-disputes;commercial-contracts,https://www.delorean.law,https://www.delorean.law/case/swedish-gambling-casinos/ | https://www.delorean.law,,true,false,published
gernandt-and-danielsson,Gernandt & Danielsson,"Leading business law firm providing gaming law advisory, regulatory analysis and capital markets advice.",1992,51-200,"Stockholm, Sweden",Swedish; English,sweden,licensing;regulatory-compliance;commercial-contracts,https://gernandt-danielsson.se,https://www.legal500.com/guides/chapter/sweden-gambling-law/ | https://chambers.com/law-firm/gernandt-danielsson-advokatbyra-kb-global-2:4006,,true,false,published
lawyer-se,Lawyer.se,Video game and gaming law specialist firm representing game studios and developers on licensing and IP.,2001,1-10,"Åre, Sweden",Swedish; English,sweden,licensing;intellectual-property;commercial-contracts;skill-games-fantasy-sports,https://lawyer.se,https://lawyer.se | https://lawyer.se/video-game-attorney/,,true,false,published
mannheimer-swartling,Mannheimer Swartling,Nordic leading law firm with broad expertise in regulatory law and highly regulated sectors including gaming.,,200+,"Stockholm, Sweden; Gothenburg, Sweden; Malmö, Sweden",Swedish; English,sweden,regulatory-compliance;litigation-disputes;commercial-contracts,https://www.mannheimerswartling.se,https://www.mannheimerswartling.se/en/ | https://chambers.com/law-firm/mannheimer-swartling-europe-7:4024,,true,false,published
nur-legal,NUR Legal,Fintech and iGaming licensing specialist with multi-jurisdictional expertise including Swedish licensing.,,11-50,"Tallinn, Estonia",English; Swedish,estonia,licensing;regulatory-compliance;aml-kyc;market-entry-strategy,https://www.nur-legal.com,https://www.nur-legal.com/gambling-licenses/swedish-gambling-license | https://www.nur-legal.com/about-us,,true,false,published
schj-dt,Schjødt,Nordic law firm with Swedish office providing gambling law expertise and regulatory analysis.,,200+,"Stockholm, Sweden; Oslo, Norway; Copenhagen, Denmark",Swedish; English,sweden;norway;denmark,licensing;regulatory-compliance;litigation-disputes,https://schjodt.com,https://schjodt.com/news/gambling-new-landmark-ruling-from-the-swedish-supreme-court | https://www.legal500.com/firms/10502-advokatfirmaet-schjodt/c-sweden/about,,true,false,published
synch,Synch,"Forward-thinking tech law firm with gaming sector expertise in regulatory, IP and fintech matters.",2014,11-50,"Stockholm, Sweden",Swedish; English,sweden,licensing;regulatory-compliance;intellectual-property;data-protection-gdpr;payments-fintech,https://www.synch.law,https://www.synch.law | https://www.legal500.com/rankings/ranking/c-sweden/commercial-corporate-and-ma/17315-synch-law-ab,,true,false,published
vinge,Vinge,"Large full-service law firm with extensive expertise in gaming law, licensing agreements and regulatory compliance.",,200+,"Stockholm, Sweden; Gothenburg, Sweden; Malmö, Sweden",Swedish; English,sweden,licensing;regulatory-compliance;commercial-contracts;intellectual-property;advertising-promotions;sports-betting,https://www.vinge.se,https://www.vinge.se/en/expertise/practice-areas/sports-events-gaming-and-media/ | https://chambers.com/law-firm/advokatfirman-vinge-kb-europe-7:4035,,true,false,published
westerberg-and-partners,Westerberg & Partners,Boutique IP and dispute resolution firm with specialized gambling law team advising major Swedish operators.,2019,11-50,"Stockholm, Sweden",Swedish; English,sweden,licensing;regulatory-compliance;litigation-disputes;intellectual-property;commercial-contracts,https://westerberg.com,https://practiceguides.chambers.com/practice-guides/gaming-law-2025/sweden | https://www.legal500.com/firms/231729-westerberg-partners/231613-stockholm-sweden/,,true,false,published
wiklund-law,Wiklund Law,"Specialist EU and competition law firm with deep gaming expertise across sports betting, poker, casinos and lotteries.",,1-10,Sweden,Swedish; English,sweden,licensing;regulatory-compliance;commercial-contracts;sports-betting;poker;casino,https://www.wiklaw.eu,https://practiceguides.chambers.com/practice-guides/gaming-law-2024/sweden | https://www.wiklaw.eu,,true,false,published
bird-and-bird-llp,Bird & Bird LLP,"Global firm advising on all aspects of UK gambling regulation, licensing, compliance, and commercial transactions.",1846,200+,"London, United Kingdom; Brussels, Belgium; Frankfurt, Germany; Paris, France; Singapore",English,united-kingdom;germany;belgium,licensing;regulatory-compliance;advertising-promotions;data-protection-gdpr;commercial-contracts;corporate-ma,https://www.twobirds.com/en/gambling-law,https://www.legal500.com/rankings/ranking/c-london/crime-fraud-and-licensing/gaming-and-betting/342-bird-bird-llp | https://www.twobirds.com/en/gambling-law,,true,false,published
bryan-cave-leighton-paisner-bclp,Bryan Cave Leighton Paisner (BCLP),"Global firm handling licensing applications, regulatory enforcement, and complex gaming transactions for major operators.",2018,200+,"London, United Kingdom; New York, United States; Los Angeles, United States",English,united-kingdom;united-states,licensing;regulatory-compliance;corporate-ma;commercial-contracts;litigation-disputes,https://www.bclplaw.com/en-US/practices/regulation-compliance-and-advisory/betting-gaming.html,https://www.legal500.com/rankings/ranking/c-london/crime-fraud-and-licensing/gaming-and-betting/50162-bryan-cave-leighton-paisner | https://www.bclplaw.com/en-US/practices/regulation-compliance-and-advisory/betting-gaming.html,,true,false,published
cms,CMS,"Global firm with substantial gambling practice advising operators on regulatory matters, transactions and enforcement.",1999,200+,"London, United Kingdom; Manchester, United Kingdom; Birmingham, United Kingdom; Edinburgh, United Kingdom",English,united-kingdom,licensing;regulatory-compliance;aml-kyc;corporate-ma;data-protection-gdpr;commercial-contracts;sports-betting;responsible-gaming,https://cms.law/en/gbr/global-reach/europe/united-kingdom/expertise/tmt-technology-media-telecommunications/gambling,https://chambers.com/department/cms-gaming-uk-1:2730:11805:1:7489 | https://cms.law/en/gbr/global-reach/europe/united-kingdom/expertise/tmt-technology-media-telecommunications/gambling,,true,false,published
harris-hagan,Harris Hagan,"City of London specialist gambling firm with 20+ years experience in licensing, regulation and enforcement for all operator types.",2004,1-10,"London, United Kingdom",English,united-kingdom,licensing;regulatory-compliance;aml-kyc;responsible-gaming;corporate-ma,https://www.harrishagan.com/,https://chambers.com/law-firm/harris-hagan-uk-1:92969 | https://www.harrishagan.com/,,true,true,published
herbert-smith-freehills-kramer,Herbert Smith Freehills Kramer,"Global firm advising on UK gambling regulation, licensing, M&A and emerging issues like loot boxes and responsible gaming.",1882,200+,"London, United Kingdom; Belfast, United Kingdom; Paris, France; Munich, Germany",English,united-kingdom;germany,licensing;regulatory-compliance;corporate-ma;data-protection-gdpr;intellectual-property;commercial-contracts,https://www.hsfkramer.com/capabilities/sectors/media-entertainment-and-sport/gaming-and-gambling,https://www.legal500.com/c/london/crime-fraud-and-licensing/gaming-and-betting/ | https://www.hsfkramer.com/capabilities/sectors/media-entertainment-and-sport/gaming-and-gambling,,true,false,published
hugh-james,Hugh James,"Wales-based firm founded 1960 advising international operators on licensing, compliance and contentious gaming matters.",1960,51-200,"Cardiff, United Kingdom; London, United Kingdom; Manchester, United Kingdom",English; Welsh,united-kingdom,licensing;regulatory-compliance;commercial-contracts;litigation-disputes;intellectual-property,https://www.hughjames.com/services/gaming-gambling-law/,https://chambers.com/law-firm/hugh-james-uk-1:203 | https://www.hughjames.com/services/gaming-gambling-law/,,true,false,published
joelson-llp,Joelson LLP,"London firm since 1956 advising remote and land-based operators on licensing, compliance, age verification, and AML/KYC.",1956,11-50,"London, United Kingdom",English,united-kingdom,licensing;regulatory-compliance;aml-kyc;advertising-promotions;responsible-gaming,https://joelsonlaw.com/sectors/gambling-gaming-betting-law-team/,https://www.legal500.com/firms/1819-joelson/278-london-england/ | https://joelsonlaw.com/sectors/gambling-gaming-betting-law-team/,,true,false,published
keystone-law,Keystone Law,"Top 100 firm providing comprehensive gambling law advice on licensing, regulatory compliance, and contentious gaming matters.",2002,200+,"London, United Kingdom; Bristol, United Kingdom; Leeds, United Kingdom; Newcastle, United Kingdom; London; Bristol; Leeds; Manchester; Newcastle; Isle of Man; Adelaide; Brisbane; Canberra; Melbourne; Sydney",English,united-kingdom;isle-of-man,licensing;regulatory-compliance;corporate-ma;commercial-contracts;litigation-disputes,https://www.keystonelaw.com/sectors/gambling,https://chambers.com/department/keystone-law-gaming-uk-1:2730:11805:1:171702 | https://www.keystonelaw.com/sectors/gambling | https://keystonelaw.com/international/isle-of-man/ | https://www.legal500.com/c/isle-of-man,,true,false,published
memery-crystal,Memery Crystal,"London firm established 1978, advising on lottery schemes, gambling law interpretations, product classifications and disputes.",1978,11-50,"London, United Kingdom",English,united-kingdom,licensing;regulatory-compliance;litigation-disputes;intellectual-property,https://www.lexology.com/firms/2244,https://chambers.com/department/memery-crystal-gaming-uk-1:2730:11805:1:282 | https://www.legal500.com/firms/2322-memery-crystal/r-england/rankings,,true,false,published
mishcon-de-reya-llp,Mishcon de Reya LLP,"Tier 1-ranked firm advising operators on licensing, compliance, regulatory investigations, and complex commercial matters.",1988,200+,"London, United Kingdom; Cambridge, United Kingdom; Oxford, United Kingdom; Singapore; Dubai",English,united-kingdom,licensing;regulatory-compliance;aml-kyc;corporate-ma;litigation-disputes;responsible-gaming;skill-games-fantasy-sports,https://www.mishcon.com/services/betting,https://chambers.com/department/mishcon-de-reya-llp-gaming-uk-1:2730:11805:1:292 | https://www.mishcon.com/services/betting,,true,true,published
northridge-law-llp,Northridge Law LLP,"Specialist gaming firm providing regulatory expertise, compliance support, and dispute resolution for online and offline operators.",2017,11-50,"London, United Kingdom",English,united-kingdom,licensing;regulatory-compliance;aml-kyc;commercial-contracts;litigation-disputes,https://northridgelaw.com/work/betting-gaming/,https://chambers.com/law-firm/northridge-uk-1:23023873 | https://northridgelaw.com/work/betting-gaming/,,true,false,published
pinsent-masons-llp,Pinsent Masons LLP,"Global firm with gambling practice advising operators on regulatory compliance, licensing and emerging regulatory issues.",2003,200+,"London, United Kingdom; Manchester, United Kingdom; Edinburgh, United Kingdom; Glasgow, United Kingdom",English,united-kingdom,licensing;regulatory-compliance;aml-kyc;corporate-ma;commercial-contracts,https://www.pinsentmasons.com/out-law/topics/gambling,https://www.legal500.com/rankings/ranking/c-london/crime-fraud-and-licensing/gaming-and-betting/2251-pinsent-masons-llp | https://www.pinsentmasons.com/out-law/topics/gambling,,true,false,published
poppleston-allen,Poppleston Allen,"UK's largest licensing firm specializing in gambling regulation, compliance and licensing for online and land-based operators.",1994,51-200,"Nottingham, United Kingdom; London, United Kingdom",English,united-kingdom,licensing;regulatory-compliance;responsible-gaming,https://www.popall.co.uk/sectors/gambling-licensing,https://chambers.com/department/poppleston-allen-gaming-uk-1:2730:11805:1:332 | https://www.popall.co.uk/sectors/gambling-licensing,,true,false,published
wiggin-llp,Wiggin LLP,"Top-tier gaming firm advising operators on licensing, compliance, IP, M&A and regulatory matters.",2004,51-200,"Cheltenham, United Kingdom; London, United Kingdom; Brussels, Belgium",English,united-kingdom,licensing;regulatory-compliance;corporate-ma;commercial-contracts;litigation-disputes;intellectual-property;responsible-gaming,https://www.wiggin.co.uk/expertise/betting-and-gaming-law/,https://chambers.com/department/wiggin-llp-gaming-uk-1:2730:11805:1:1056 | https://www.wiggin.co.uk/expertise/betting-and-gaming-law/,,true,true,published
woods-whur,Woods Whur,"Specialist gambling firm founded 2011, advising operators on licensing, compliance and regulatory matters for casino and betting sectors.",2011,11-50,"London, United Kingdom; Leeds, United Kingdom; Newcastle, United Kingdom",English,united-kingdom,licensing;regulatory-compliance;responsible-gaming,https://www.woodswhur.co.uk/,https://chambers.com/law-firm/woods-whur-uk-1:22566942 | https://www.woodswhur.co.uk/,,true,false,published
akerman-llp,Akerman LLP,"700-attorney Florida-based firm. Gaming team in Miami and Fort Lauderdale advises on gaming, entertainment, and regulatory matters.",1920,200+,"Miami, Florida; Fort Lauderdale, Florida; Tampa, Florida; Orlando, Florida",English,united-states,licensing;regulatory-compliance;sports-betting,https://www.akerman.com,https://www.akerman.com/en/work/services/sectors/sports-gaming-and-entertainment/index.html | https://chambers.com/law-firm/akerman-llp-usa-5:65304,,true,false,published
brownstein-hyatt-farber-schreck-llp,Brownstein Hyatt Farber Schreck LLP,"Full-service firm with leading gaming practice across Las Vegas, Atlantic City, and Denver. Top-ranked by Chambers USA nationally.",1968,200+,"Denver, Colorado; Las Vegas, Nevada; Atlantic City, New Jersey",English,united-states,licensing;regulatory-compliance;corporate-ma;litigation-disputes;commercial-contracts,https://www.bhfs.com,https://www.bhfs.com/about/history/ | https://chambers.com/law-firm/brownstein-hyatt-farber-schreck-llp-usa-5:65262,,true,false,published
covington-and-burling-llp,Covington & Burling LLP,"1,400+ attorney DC-headquartered international firm. Gaming practice handles complex M&A, litigation, and regulatory matters.",1919,200+,"Washington, District of Columbia; New York, New York; San Francisco, California; London, United Kingdom",English,united-states;united-kingdom,licensing;regulatory-compliance;corporate-ma;litigation-disputes;aml-kyc,https://www.cov.com,https://www.cov.com/en/practices-and-industries/industries/gaming | https://chambers.com/law-firm/covington-burling-llp-usa-5:3826,,true,false,published
cozen-oconnor,Cozen O'Connor,"1,000+ attorney firm with gaming practice spanning casino operations, fantasy sports, and online betting across 33 cities.",1970,200+,"Philadelphia, Pennsylvania; Las Vegas, Nevada; New York, New York; Washington, District of Columbia; Chicago, Illinois",English,united-states,licensing;regulatory-compliance;sports-betting;casino;skill-games-fantasy-sports,https://www.cozen.com,https://www.cozen.com/industries/gaming | https://law.usnews.com/law-firms/cozen-o-connor-660,,true,false,published
dickinson-wright-pllc,Dickinson Wright PLLC,"550+ attorney firm recognized by Chambers USA. Multi-disciplinary gaming team across Las Vegas, Reno, and other major jurisdictions.",1878,200+,"Detroit, Michigan; Las Vegas, Nevada; Reno, Nevada; Chicago, Illinois; Miami, Florida",English,united-states,licensing;regulatory-compliance;corporate-ma;litigation-disputes;market-entry-strategy,https://www.dickinson-wright.com,https://www.dickinson-wright.com/practice-areas/gaming-law | https://chambers.com/law-firm/dickinson-wright-pllc-usa-5:3837,,true,false,published
duane-morris-llp,Duane Morris LLP,"Philadelphia-headquartered firm with 29 offices. Gaming team handles regulatory licensing, sports betting, and iGaming matters.",1904,200+,"Philadelphia, Pennsylvania; New York, New York; Washington, District of Columbia; Chicago, Illinois",English,united-states,licensing;regulatory-compliance;sports-betting;casino;affiliate-compliance,https://www.duanemorris.com,https://www.duanemorris.com/practices/gaming.html | https://law.usnews.com/law-firms/duane-morris-llp-1347,,true,false,published
faegre-drinker-biddle-and-reath-llp,Faegre Drinker Biddle & Reath LLP,"1,300-attorney firm with sports and gaming expertise. Represents major US sports franchises and gaming operators on regulatory matters.",1849,200+,"Minneapolis, Minnesota; Philadelphia, Pennsylvania; Chicago, Illinois; Denver, Colorado; New York, New York",English,united-states,licensing;regulatory-compliance;corporate-ma;sports-betting;affiliate-compliance,https://www.faegredrinker.com,https://www.faegredrinker.com/en/insights/topics/sports-and-gaming | https://chambers.com/law-firm/faegre-drinker-biddle-reath-llp-usa-5:3587,,true,false,published
fox-rothschild-llp,Fox Rothschild LLP,"Multi-office national firm with dedicated gaming team serving casino operators, online gaming companies, and equipment manufacturers.",1907,200+,"Philadelphia, Pennsylvania; New York, New York; Washington, District of Columbia; Miami, Florida",English,united-states,licensing;regulatory-compliance;corporate-ma;litigation-disputes;commercial-contracts,https://www.foxrothschild.com,https://www.foxrothschild.com/gaming | https://law.usnews.com/law-firms/fox-rothschild-llp-703,,true,false,published
greenberg-traurig-llp,Greenberg Traurig LLP,"3,100-attorney international firm providing gaming regulatory and transactional advice across iGaming, tribal gaming, and licensing.",1967,200+,"Miami, Florida; Dallas, Texas; Chicago, Illinois; Washington, District of Columbia; New York, New York",English,united-states,licensing;regulatory-compliance;corporate-ma;litigation-disputes;commercial-contracts;sports-betting;casino,https://www.gtlaw.com,https://www.gtlaw.com/en/capabilities/gaming | https://chambers.com/law-firm/greenberg-traurig-llp-usa-5:3786,,true,false,published
holland-and-knight-llp,Holland & Knight LLP,"2,174-attorney firm with gaming practice across Miami, Tallahassee, and DC. Advises casinos, tribal entities, and operators.",1929,200+,"Tampa, Florida; Miami, Florida; Tallahassee, Florida; Washington, District of Columbia",English,united-states,licensing;regulatory-compliance;corporate-ma;litigation-disputes;sports-betting;casino,https://www.hklaw.com,https://www.hklaw.com/en/services/practices/litigation-and-dispute-resolution/gaming | https://law.usnews.com/law-firms/holland-knight-llp-1020,,true,false,published
ifrah-law-pllc,Ifrah Law PLLC,"Boutique DC firm specializing in iGaming, sports betting, and online gaming regulatory matters. Ranked Band 1 nationally by Chambers USA.",2009,1-10,"Washington, District of Columbia",English,united-states,licensing;regulatory-compliance;aml-kyc;sports-betting;casino;affiliate-compliance,https://www.ifrahlaw.com,https://www.ifrahlaw.com/ | https://chambers.com/law-firm/ifrah-law-usa-5:232884,,true,true,published
jones-walker-llp,Jones Walker LLP,"Louisiana-based firm with largest gaming practice in Southeast. Advises casinos, tribes, and gaming manufacturers on all regulatory matters.",1937,200+,"New Orleans, Louisiana; Baton Rouge, Louisiana; Lafayette, Louisiana; Lake Charles, Louisiana",English,united-states,licensing;regulatory-compliance;corporate-ma;litigation-disputes;market-entry-strategy,https://www.joneswalker.com,https://www.joneswalker.com/en/ | https://chambers.com/law-firm/jones-walker-llp-usa-5:65252,,true,false,published
k-and-l-gates-llp,K&L Gates LLP,"1,910-attorney global firm with betting and gaming practice. Team monitors US and international gaming regulatory developments.",2007,200+,"Washington, District of Columbia; New York, New York; Chicago, Illinois; San Francisco, California; Seattle, Washington",English,united-states,licensing;regulatory-compliance;sports-betting;casino;affiliate-compliance,https://www.klgates.com,https://www.klgates.com/betting-gaming | https://chambers.com/law-firm/kl-gates-usa-5:3581,,true,false,published
mcdonald-carano-llp,McDonald Carano LLP,"Nevada's most established gaming law firm since 1949. Advises on casino, mobile gaming, and restricted gaming regulatory matters.",1949,51-200,"Reno, Nevada; Las Vegas, Nevada; Carson City, Nevada",English,united-states,licensing;regulatory-compliance;casino;corporate-ma;commercial-contracts,https://www.mcdonaldcarano.com,https://www.mcdonaldcarano.com/practice-areas/gaming-administrative-law/ | https://chambers.com/law-firm/mcdonald-carano-usa-5:65649,,true,false,published
nelson-mullins-riley-and-scarborough-llp,Nelson Mullins Riley & Scarborough LLP,"Am Law 100 firm with 1,000+ attorneys. Gaming team advises operators, tribes, and vendors on regulatory and transactional matters.",1897,200+,"Columbia, South Carolina; Charleston, South Carolina; Greenville, South Carolina; Atlanta, Georgia",English,united-states,licensing;regulatory-compliance;corporate-ma;sports-betting;casino;affiliate-compliance,https://www.nelsonmullins.com,https://www.nelsonmullins.com/services/gaming2 | https://chambers.com/law-firm/nelson-mullins-riley-scarborough-llp-usa-5:1768,,true,false,published
orrick-herrington-and-sutcliffe-llp,Orrick Herrington & Sutcliffe LLP,"1,370-attorney firm with 30-year track record in iGaming and sports betting. Advises operators on M&A, regulatory, and compliance matters.",1863,200+,"San Francisco, California; New York, New York; Los Angeles, California; Washington, District of Columbia",English,united-states,licensing;regulatory-compliance;corporate-ma;sports-betting;casino;aml-kyc,https://www.orrick.com,https://www.orrick.com/en/Practices/Gaming-and-Gambling | https://law.usnews.com/law-firms/orrick-herrington-&-sutcliffe-llp-859,,true,false,published
saiber-llc,Saiber LLC,New Jersey gaming pioneer since 1978 Atlantic City legalization. Advises iGaming operators and sports wagering companies nationwide.,1950,51-200,"Madison, New Jersey; New York, New York; Philadelphia, Pennsylvania",English,united-states,licensing;regulatory-compliance;corporate-ma;sports-betting;casino;affiliate-compliance,https://www.saiber.com,https://www.saiber.com/services/regulatory-compliance/gaming-law | https://www.saiber.com/about/history,,true,false,published
womble-bond-dickinson-us-llp,Womble Bond Dickinson (US) LLP,"32+ US offices including Las Vegas. Gaming team advises on regulatory compliance, licensing, and litigation for gaming operators.",,200+,"Winston-Salem, North Carolina; Charlotte, North Carolina; Las Vegas, Nevada; Washington, District of Columbia; Atlanta, Georgia",English,united-states,licensing;regulatory-compliance;litigation-disputes;intellectual-property,https://www.womblebonddickinson.com/us,https://www.womblebonddickinson.com/us/sectors/gaming | https://chambers.com/law-firm/womble-bond-dickinson-us-llp-usa-5:2821,,true,false,published
zwillgen-pllc,ZwillGen PLLC,Washington DC-founded firm with 50 attorneys across 4 offices. Ranked Band 3 by Chambers USA for gaming and privacy law.,2010,11-50,"Washington, District of Columbia; New York, New York; Chicago, Illinois; San Francisco, California",English,united-states,licensing;regulatory-compliance;data-protection-gdpr;aml-kyc;sports-betting;advertising-promotions,https://www.zwillgen.com,https://www.zwillgen.com/ | https://chambers.com/law-firm/zwillgen-pllc-usa-5:237870,,true,false,published
